{
    "student_accuracy": 87.0,
    "teacher_accuracy": 84.46666666666667,
    "classification_report_student": {
        "0": {
            "precision": 0.9476584022038568,
            "recall": 0.7871853546910755,
            "f1-score": 0.86,
            "support": 437.0
        },
        "1": {
            "precision": 0.9452332657200812,
            "recall": 0.9831223628691983,
            "f1-score": 0.9638055842812823,
            "support": 474.0
        },
        "2": {
            "precision": 0.8455743879472694,
            "recall": 0.8119349005424955,
            "f1-score": 0.8284132841328413,
            "support": 553.0
        },
        "3": {
            "precision": 0.7640067911714771,
            "recall": 0.8571428571428571,
            "f1-score": 0.8078994614003591,
            "support": 525.0
        },
        "4": {
            "precision": 0.8993839835728953,
            "recall": 0.8588235294117647,
            "f1-score": 0.8786359077231695,
            "support": 510.0
        },
        "5": {
            "precision": 0.8621973929236499,
            "recall": 0.9241516966067864,
            "f1-score": 0.8921001926782274,
            "support": 501.0
        },
        "accuracy": 0.87,
        "macro avg": {
            "precision": 0.8773423705898716,
            "recall": 0.8703934502106963,
            "f1-score": 0.8718090717026464,
            "support": 3000.0
        },
        "weighted avg": {
            "precision": 0.8738400723637314,
            "recall": 0.87,
            "f1-score": 0.8699900399268619,
            "support": 3000.0
        }
    },
    "classification_report_teacher": {
        "0": {
            "precision": 0.838495575221239,
            "recall": 0.8672768878718535,
            "f1-score": 0.8526434195725534,
            "support": 437.0
        },
        "1": {
            "precision": 0.929718875502008,
            "recall": 0.9767932489451476,
            "f1-score": 0.9526748971193416,
            "support": 474.0
        },
        "2": {
            "precision": 0.8326996197718631,
            "recall": 0.7920433996383364,
            "f1-score": 0.8118628359592215,
            "support": 553.0
        },
        "3": {
            "precision": 0.6984615384615385,
            "recall": 0.8647619047619047,
            "f1-score": 0.7727659574468085,
            "support": 525.0
        },
        "4": {
            "precision": 0.9396984924623115,
            "recall": 0.7333333333333333,
            "f1-score": 0.8237885462555066,
            "support": 510.0
        },
        "5": {
            "precision": 0.8949579831932774,
            "recall": 0.8502994011976048,
            "f1-score": 0.872057318321392,
            "support": 501.0
        },
        "accuracy": 0.8446666666666667,
        "macro avg": {
            "precision": 0.8556720141020396,
            "recall": 0.8474180292913633,
            "f1-score": 0.847632162445804,
            "support": 3000.0
        },
        "weighted avg": {
            "precision": 0.8539682305071306,
            "recall": 0.8446666666666667,
            "f1-score": 0.8452894088673745,
            "support": 3000.0
        }
    },
    "student_confusion_matrix": [
        [
            344,
            9,
            3,
            12,
            5,
            64
        ],
        [
            0,
            466,
            1,
            5,
            1,
            1
        ],
        [
            0,
            3,
            449,
            73,
            23,
            5
        ],
        [
            0,
            3,
            57,
            450,
            14,
            1
        ],
        [
            5,
            1,
            20,
            43,
            438,
            3
        ],
        [
            14,
            11,
            1,
            6,
            6,
            463
        ]
    ],
    "teacher_confusion_matrix": [
        [
            379,
            5,
            0,
            8,
            3,
            42
        ],
        [
            2,
            463,
            1,
            6,
            0,
            2
        ],
        [
            5,
            6,
            438,
            93,
            10,
            1
        ],
        [
            3,
            3,
            55,
            454,
            10,
            0
        ],
        [
            12,
            6,
            30,
            83,
            374,
            5
        ],
        [
            51,
            15,
            2,
            6,
            1,
            426
        ]
    ]
}